asset_slug,title,category,subcategory,status,lifecycle_reason,lifecycle_date,successor_asset_slug,consumer_guidance,access_tier,owner,update_cadence,canonical_path,canonical_format,available_formats,metadata_paths,feature_identity,has_pmtiles,has_geojson,has_csv,source,license,citation,notes
natural-earth-10m-land,Natural Earth 10m Land,100-geographic-reference,110-boundaries,active,,,,,public,SkyTruth,manual,gs://skytruth-shared-datasets-1/100-geographic-reference/110-boundaries/natural-earth-10m-land/latest/natural-earth-10m-land.fgb,fgb,fgb;pmtiles,README.md;runs/YYYY-MM-DD.json,generated_sequence_content_hash,true,false,false,"Natural Earth 1:10,000,000 physical land polygons v5.1.1",Public domain per Natural Earth Terms of Use,Made with Natural Earth. Free vector and raster map data at naturalearthdata.com; land polygons version 5.1.1.,"Initial upload from local Natural Earth ne_10m_land shapefile version 5.1.1; release 2026-04-30; source features 11; fgb sha256 5e69cd50432794b6411a81d99faa1d1c74e9d778fbfd430e43e1c7adb4d9912a. Release 2026-06-05 was a v1 metadata-contract release built from the unchanged 2026-04-30 release FGB with v1 identity columns ext_id and feature_hash and 'gen:<24 hex chars>' feature_id handles; it remains readable legacy history. The 2026-06-10 corrective schema-contract revision rebuilds the release from the same unchanged 2026-04-30 source geometry under release feature identity v2 with generated monotonic decimal feature_id values assigned from geometry_hash+properties_hash, geometry_hash and properties_hash columns replacing ext_id and feature_hash, schema_version 2 metadata/schema/manifest artifacts, and metadata-lookup PMTiles rebuilt at maxzoom 12 (maintainer-requested display fidelity upgrade from maxzoom 8) with only feature_id, via the repo-standard GeoJSONSeq to Tippecanoe MBTiles to PMTiles conversion path. Hashes for the 2026-06-10 candidates are fgb eadff2f0cb11f7daff481bd57fb541b8cdc2770b52369bc142ff28bd5582e036; pmtiles daaa24c56134df90de6ecf8d67149d7a3628e0c9ebba69faa813800b102f79cd; metadata 91479e53f4ad0acef7844ae7e2b819765bfc54b7a0ebb691d79076b1fcf3a62d; schema 2818348d1f84425f328c7c056d989b8234cc45cb531d01fbccf3b619e3b0999e; manifest 70e69ffd7259b8b5c1277c23bb75fc9d08094f6fbe9d54cf83096d01c44e4e7c. Release history, source generations, row counts, and hashes are recorded in the bucket release index and per-run records."
iho-world-seas,IHO World Seas,100-geographic-reference,120-marine-boundaries,active,,,,,public,SkyTruth,manual,gs://skytruth-shared-datasets-1/100-geographic-reference/120-marine-boundaries/iho-world-seas/latest/iho-world-seas.fgb,fgb,fgb;pmtiles,README.md;runs/YYYY-MM-DD.json,source_field:MRGID,true,false,false,Marine Regions World Seas IHO v3,See source terms,"Flanders Marine Institute (2018). IHO Sea Areas, version 3. Available online at https://www.marineregions.org/. https://doi.org/10.14284/323.","Initial upload from iho-mr_World_Seas_IHO_v3.fgb; release 2026-04-29. The 2026-06-05 metadata-contract release used identity v1 (feature_id 'src:MRGID:{n}', ext_id, feature_hash) and added machine-translated NAME metadata sidecars for es, fr, id, pt, pt_br, and sw. The 2026-06-09 release migrates the asset to the release feature identity v2 contract; feature_id is the bare MRGID string, geometry_hash and properties_hash replace feature_hash, and the ext_id and feature_hash columns are removed. Existing machine translations were carried forward re-keyed to the v2 feature_ids. PMTiles are metadata-lookup tiles with feature_id only. Prior releases remain readable and unchanged. Release history, source generations, row counts, and hashes are recorded in the bucket release index and per-run record."
marine-regions-eez,Marine Regions EEZs and High Seas,100-geographic-reference,120-marine-boundaries,active,,,,,public,SkyTruth,manual,gs://skytruth-shared-datasets-1/100-geographic-reference/120-marine-boundaries/marine-regions-eez/latest/marine-regions-eez.fgb,fgb,fgb;pmtiles,README.md;runs/YYYY-MM-DD.json,source_field:MRGID,true,false,false,Marine Regions World EEZ v12 and World High Seas v2,"Creative Commons Attribution 4.0 International, subject to Marine Regions attribution and redistribution guidance","Flanders Marine Institute (2023). Maritime Boundaries Geodatabase, Maritime Boundaries and Exclusive Economic Zones (200NM), version 12. Available online at https://www.marineregions.org/. https://doi.org/10.14284/632. Flanders Marine Institute (2024). Maritime Boundaries Geodatabase, High Seas, version 2. Available online at https://www.marineregions.org/. https://doi.org/10.14284/696.","Initial reviewed shared-datasets release from the supplied FlatGeobuf World_EEZ_v12_20231025-World_High_Seas_v2_20241010.fgb; release 2026-06-06; source sha256 15a039d989c7fd8ad41231f041ca428101d6bb5202c8039f6ef00c21a85413fc. The 2026-06-09 corrective schema-contract revision rebuilds the release with feature_id values copied from MRGID, geometry_hash values, properties_hash values, release metadata/schema/manifest schema_version 2 artifacts, metadata-translations rows keyed by raw feature_id, and localized GEONAME/name metadata sidecars for es, fr, id, pt, pt_br, and sw. A same-release display-field repair backfills the High Seas feature, feature_id 63203, with GEONAME values derived from upstream name so GEONAME is populated for every feature. PMTiles are v3 MVT metadata-lookup tiles at maxzoom 12 with feature_id only. Hashes for the 2026-06-09 candidates are fgb cce07effbf7eb74494d96de5a6c0e3b8af6908b580d73af177ef45e493e5151f; GEONAME repair fgb 00ff0ef8a28a915643e0095629db54b736feb547a437f0510c1e30577b669923; pmtiles de835691551e4c16af415579b0e2a2bfeb0d9095fedd410aa1210d6815fb9a51; metadata d2e5ad2afe0b0468fdbdbfbf75548a4bc55315ea6b977bb15161d4ec638e5ae4; metadata-translations 374f7ba8f0e7df87167a21088a9a5924934a3d7de8b723e27812922f727fa45c; schema e36c73a22de54ee9b25bf7a856320def695deb1a08506313ab9d22a2489256ac; manifest 7d8f8fb2d0c2557078a323f6168f0596c029ed3c0321c0a75512c93d3bde7925. Firestore metadata serving is inactive for this release model; applications should read sidecars. Release history, source generations, row counts, and hashes are recorded in the bucket release index and per-run record."
wdpa-marine,WDPA Marine Protected and Conserved Areas,100-geographic-reference,130-protected-areas,active,,,,,public,SkyTruth,monthly,gs://skytruth-shared-datasets-1/100-geographic-reference/130-protected-areas/wdpa-marine/latest/wdpa-marine.fgb,fgb,fgb;pmtiles,README.md;runs/YYYY-MM-DD.json,generated_sequence_source_fields:SITE_PID,true,false,false,UNEP-WCMC and IUCN Protected Planet WDPA/WDOECM,See Protected Planet WDPA terms,"UNEP-WCMC and IUCN (2026). Protected Planet: The World Database on Protected Areas (WDPA) and World Database on Other Effective Area-based Conservation Measures (WD-OECM) [Online], June 2026, Cambridge, UK: UNEP-WCMC and IUCN. Available at: www.protectedplanet.net.","Monthly job preserves source fields and publishes FGB plus PMTiles. The 2026-06-09 feature_id contract repair release uses generated decimal feature_id values carried forward from prior releases when the SITE_PID-backed identity key matches, geometry_hash values, properties_hash values, canonical metadata/schema/manifest artifacts, metadata-translations CSV, and localized metadata sidecars for es, fr, id, pt, pt_br, and sw. PMTiles are lightweight metadata-lookup tiles with feature_id only. The release preserves 331 upstream invalid geometries from the Jun2026 source FGB; no geometry repair was applied. A 2026-06-15 translation-only update completes localized display-name rows stored under the legacy source field NAME_ENG for the six localized metadata sidecars. WDPA NAME is the original/local protected-area name; NAME_ENG is a misleading legacy source field retained for source-schema compatibility, but in localized sidecars it should be read as the active-locale display name, effectively name_localized. Release history, source versions, row counts, and file hashes are recorded in the bucket release index and per-run records."
wdpa-terrestrial,WDPA Terrestrial Protected and Conserved Areas,100-geographic-reference,130-protected-areas,active,,,,,public,SkyTruth,monthly,gs://skytruth-shared-datasets-1/100-geographic-reference/130-protected-areas/wdpa-terrestrial/latest/wdpa-terrestrial.fgb,fgb,fgb;pmtiles,README.md;runs/YYYY-MM-DD.json,generated_sequence_source_fields:SITE_PID,true,false,false,UNEP-WCMC and IUCN Protected Planet WDPA/WDOECM,See Protected Planet WDPA terms,"UNEP-WCMC and IUCN (2026). Protected Planet: The World Database on Protected Areas (WDPA) and World Database on Other Effective Area-based Conservation Measures (WD-OECM) [Online], June 2026, Cambridge, UK: UNEP-WCMC and IUCN. Available at: www.protectedplanet.net.","Monthly job preserves source fields and publishes FGB plus PMTiles. The 2026-06-05 metadata-contract release used identity v1 (composite src:SITE_PID feature_id and ext_id values, feature_hash) and added canonical metadata/schema/manifest artifacts plus an initial Spanish NAME_ENG metadata sidecar. The 2026-06-09 release migrates the asset to the release feature identity v2 contract; feature_id values are generated decimal sequence handles keyed by SITE_PID, geometry_hash and properties_hash replace feature_hash, and the v1 id, ext_id, and feature_hash columns are removed. PMTiles are lightweight metadata-lookup tiles with feature_id only, built at maxzoom 12. The 2026-06-09 release was later expanded with a complete translation set for 17 descriptive fields in es, fr, id, pt, pt_br, and sw, including localized metadata sidecars for each locale. WDPA NAME is the original/local protected-area name; NAME_ENG is a misleading legacy source field retained for source-schema compatibility, but in localized sidecars it should be read as the active-locale display name, effectively name_localized. The release preserves 2,661 upstream invalid geometries from the Jun2026 source FGB; no geometry repair was applied. Release history, source versions, row counts, and file hashes are recorded in the bucket release index and per-run records."
cerulean-s1-envelope,Cerulean S1 Envelope,200-imagery-derived,210-satellite-indexes,active,,,,,public,SkyTruth,manual,gs://skytruth-shared-datasets-1/200-imagery-derived/210-satellite-indexes/cerulean-s1-envelope/latest/cerulean-s1-envelope.fgb,fgb,fgb;pmtiles,README.md;runs/YYYY-MM-DD.json,generated_sequence_content_hash,true,false,false,SkyTruth internal derived Cerulean Sentinel-1 envelope WKT extract,SkyTruth internal use; upstream source and redistribution terms need confirmation,SkyTruth (2026). Cerulean S1 Envelope. Internal derived Sentinel-1 envelope extract; upstream source citation needs confirmation.,"Named as a Cerulean envelope to avoid implying complete Sentinel-1 footprint coverage. Release 2026-05-01 is the initial upload (source features 1; fgb sha256 4fd635807aa544d8a0019f54ff663a639816cc7b2726d7a935fb7d8780924b11). Release 2026-05-04 is a canonical-file repair and PMTiles rebuild with zooms 0-6, no simplification, and a synthetic source_layer property (pmtiles sha256 33f080e73a6ea2f5dc78b7174abbaf61c6d3c52165615f69ff1d8510ac225e6d). A 2026-06-05 v1 metadata-contract release was documented here but never promoted; no sidecar, schema, manifest, or releases/2026-06-05/ objects exist in the bucket and the hashes previously recorded for it are retracted. The 2026-06-10 corrective schema-contract release publishes the asset's first promoted metadata contract directly under release feature identity v2, built from the unchanged latest FGB generation 1777669295802653, with generated monotonic decimal feature_id assigned from the geometry_hash+properties_hash identity key, geometry_hash and properties_hash columns, schema_version 2 metadata/schema/manifest artifacts, and metadata-lookup PMTiles rebuilt at maxzoom 6 with only feature_id. Hashes for the 2026-06-10 candidates are fgb d658c6ee78c9c81510baf3b479f471c936f494bfc4ee06f83c57e30eec3ccf33; pmtiles 014d5bed6a28e15dade63d5b64fc620e479f380d3be8e7876b95d9e3994737c2; metadata ad1631c356a2bb71edeb75233185520fc678da683a20985b85610cd8ea95936b; schema 7901582ecaadf2d260646be9e46a8694be6e423c9c494e163e64f5b643f01185; manifest a4995e460e781cb915db747c5140f8d6cda6c923b398048d38aad0efaee9626f. Canonical FGB preserves the source WKT geometry as an envelope only"
ims-sea-ice-extent,IMS Sea-Ice Extent,200-imagery-derived,250-weather-climate,active,,,,,public,SkyTruth,daily,gs://skytruth-shared-datasets-1/200-imagery-derived/250-weather-climate/ims-sea-ice-extent/latest/ims-sea-ice-extent.fgb,fgb,fgb;pmtiles,README.md;runs/YYYY-MM-DD.json,generated_sequence_content_hash,true,false,false,NOAA/NSIDC IMS Daily Northern Hemisphere Snow and Ice Analysis G02156,Public U.S. government work; cite NSIDC G02156,"U.S. National Ice Center (2008). IMS Daily Northern Hemisphere Snow and Ice Analysis at 1 km, 4 km, and 24 km Resolutions, Version 1. Boulder, Colorado USA: National Snow and Ice Data Center. https://doi.org/10.7265/N52R3PMC. Accessed 2026-06-10.","Daily job publishes raw IMS class 3 as FGB, PMTiles, a feature metadata sidecar, release schema, and manifest. The 2026-06-08 revision promotes a full metadata-contract bundle from the current upstream source date and replaces the pre-v2 latest metadata that was generated from 2026-06-03. Earlier releases remain unchanged; this is not a backfill. Release history, source versions, row counts, and file hashes are recorded in the bucket release index and per-run records."
gogi,Global Oil & Gas Features Database,300-infrastructure-industrial,310-energy,active,,,,,public,SkyTruth,manual,gs://skytruth-shared-datasets-1/300-infrastructure-industrial/310-energy/gogi/latest/gogi-pipelines.fgb,fgb,fgb;csv;pmtiles,README.md,,true,false,true,NETL EDX Global Oil & Gas Features Database gogi_v10_3_1shp.zip,Creative Commons Attribution and Open Data Commons Attribution License; attribution required,"Sabbatino, M., Romeo, L., Baker, V., Bauer, J., Barkhurst, A., Bean, A., DiGiulio, J., Jones, K., Jones, T.J., Justman, D., Miller III, R., Rose, K., and Tong, A. Global Oil & Gas Features Database. Energy Data eXchange, 2017-12-12. https://doi.org/10.18141/1427300.","Initial upload from gogi_v10_3_1shp.zip; release 2026-05-02; source zip sha256 2621f210dde27f068ea2987e0cf0135b20c2641e94e6b4e3692ac9ee4263ad07; 17 source shapefile layers converted to WGS84 FGB plus 2 combined CSV catalog tables; retained 1,623,469 vector features after omitting 394 well points that could not be reprojected; Well.dbf is truncated in the source shapefile resource, so wells are published as geometry only; pmtiles sha256 9fe9a4705b06ae08327e59b769b06ffe16d1d7f6932b0b318bbe92055be8ab31; PMTiles rebuilt 2026-05-04 at maxzoom 12 as multi-layer display tiles with compact feature properties and low-zoom point retention; future rebuilds must use the repo-standard GeoJSONSeq to Tippecanoe MBTiles to PMTiles conversion path"
petrodata,PETRODATA Petroleum Fields,300-infrastructure-industrial,310-energy,active,,,,,public,SkyTruth,manual,gs://skytruth-shared-datasets-1/300-infrastructure-industrial/310-energy/petrodata/latest/petrodata.fgb,fgb,fgb;pmtiles,README.md,generated_sequence_content_hash,true,false,false,PRIO PETRODATA v1.2,"No explicit license found on the PRIO dataset page; cite Lujala, Rod, and Thieme 2007 and follow source terms","Lujala, Paivi, Jan Ketil Rod, and Nadja Thieme (2007). Fighting over Oil: Introducing a New Dataset. Conflict Management and Peace Science 24(3): 239-256. https://doi.org/10.1080/07388940701468526.","Combined local onshore and offshore shapefiles into one FGB plus PMTiles with source_layer; release 2026-04-29; fgb sha256 d77f5e4bdb9d231a9058e70c03648092a613c5009889d5f57e0ae05969950296; pmtiles sha256 798ea67f06e20c7912b441cf0a6b3eb5ceee9063d9f164c9e57daacd737741a7; corrective release 2026-05-06 repaired geometry with GDAL -makevalid while preserving duplicate source PRIMKEY rows; fgb sha256 b2a19482a325dc7eae3f91f1ededcf586531dcee04272239c4ca210d23fa358b; pmtiles sha256 e3fb9bf85f023e316438ba1ef3a8ca78182b541d37b23eeede69346272e1af22; the 2026-06-05 metadata-contract release (PR 48) merged but its promotion failed the schema preflight and published nothing, so it was superseded without backfill; release 2026-06-10 introduces the feature identity v2 metadata contract with generated decimal feature_id values, geometry_hash values, properties_hash values, canonical metadata/schema/manifest artifacts, a machine-translated Spanish NAME metadata sidecar, and metadata-lookup PMTiles with only feature_id; fgb sha256 6e248d38aa190c9098b4328d6346f0486043dd9f4e6cf71f973a756921a18daf; pmtiles sha256 453e5b8b589f64961f94437795c9c35011018467dd80a04325c418c2ea593b91; metadata sha256 89a6f09bb09439a53b429e8fe31e7226bc91ce208d48402807c9890c84462c0e; metadata.es sha256 b5ed4daa56d1b9be879e123d1c31dc7fc6380ac907853f38e31317c07cdd3d74; metadata-translations sha256 a7867a02aea52cea05b757dc4dfa74353ba0cd26b0f2585e2816d649fe9ba674; schema sha256 8405208e3be1c45b8a220976c8e81d799b9b15c6d46a2def965eeac5f1015414; manifest sha256 ba7c51a2a8cf01c8bf75eff69a15d6625be8a0953e17a257a5f779f7e38d7da5; PMTiles maxzoom 9 resolved by auto maxzoom from FGB sampled geometry detail, matching the previously published PETRODATA maxzoom"
eamlis-abandoned-mine-land-inventory,OSMRE e-AMLIS Abandoned Mine Land Inventory,300-infrastructure-industrial,320-mining,active,,,,,public,SkyTruth,monthly,gs://skytruth-shared-datasets-1/300-infrastructure-industrial/320-mining/eamlis-abandoned-mine-land-inventory/latest/eamlis-abandoned-mine-land-inventory.fgb,fgb,fgb;pmtiles,README.md;runs/YYYY-MM-DD.json,source_field:OBJECTID,true,false,false,U.S. Department of the Interior OSMRE e-AMLIS,Creative Commons Attribution per EDX listing; cite OSMRE e-AMLIS,"U.S. Department of the Interior, Office of Surface Mining Reclamation and Enforcement. Enhanced Abandoned Mine Land Inventory System (e-AMLIS). https://amlis.osmre.gov/.","Monthly job publishes FGB plus PMTiles. The 2026-06-05 reviewed metadata-contract release adds source-field feature_id values from OBJECTID, geometry_hash values, properties_hash values, canonical metadata/schema/manifest artifacts, and an initial Spanish PA_NAME metadata sidecar generated from the metadata-translations CSV. PMTiles are lightweight metadata-lookup tiles with feature_id only. Release history, source fingerprints, row counts, and file hashes are recorded in the bucket release index and per-run records. Stale initial GeoJSON remains only under source/provenance paths and is not advertised as an active data-plane format."
gfw-fixed-infrastructure,Global Fishing Watch SAR Fixed Infrastructure,300-infrastructure-industrial,330-offshore-platforms,active,,,,,public,SkyTruth,manual,gs://skytruth-shared-datasets-1/300-infrastructure-industrial/330-offshore-platforms/gfw-fixed-infrastructure/latest/gfw-fixed-infrastructure.fgb,fgb,fgb;pmtiles,README.md;runs/YYYY-MM-DD.json,source_field:structure_id,true,false,false,Global Fishing Watch Datasets API public-fixed-infrastructure-filtered:latest,Global Fishing Watch API non-commercial use only and subject to Global Fishing Watch Terms of Use,"Global Fishing Watch (2026). Fixed infrastructure detections from Sentinel-1 and Sentinel-2, public-fixed-infrastructure-filtered:latest; derived from Paolo, F.S. et al. (2024). Satellite mapping reveals extensive industrial activity at sea. Nature 625: 85-91. https://doi.org/10.1038/s41586-023-06825-8.","Initial upload from gfw_infra_2026-04-30; release 2026-04-30; source rows 57681; fgb sha256 159af982d72f464091c06e68de6abe054a5c07ae05ff4731c8cb041979fb3447; source csv sha256 07d8d7464c7c2d7410926d2a29c24eb2d2aa2993c2b576a138ce0c57111cf1a9. The 2026-06-10 release migrates the asset to the release feature identity v2 contract with no upstream data change, rebuilt from the unchanged 2026-04-30 release FGB; feature_id is copied from the unique URL-safe structure_id source field, geometry_hash and properties_hash columns are added, geometry is promoted from point to multipoint by the repo-standard vector build, and canonical metadata sidecar, schema, and manifest artifacts are published at schema_version 2. PMTiles are lightweight metadata-lookup tiles with feature_id only, built at maxzoom 12 with all-point retention verified at zoom 0 for all 57681 points; full attributes are served from the FGB and metadata sidecar. Releases dated before 2026-06-10 contain only FGB and full-property PMTiles. Rebuilds must use the repo-standard GeoJSONSeq to Tippecanoe MBTiles to PMTiles conversion path. 2026-06-10 hashes are fgb sha256 b6bf5f12650f77ab50724f8c09a145642ec29400a6891323fa105f4b8edfe2a4; pmtiles sha256 f877b80f3a1bb835c7749a4563162a15f9b4f2dffcfcdbb760ab8601f4aab1db; metadata sha256 2510a2524e855d86562d0ca821c358871fdf6dd437196294df5b73d38078df8b; schema sha256 1fb57139a5ce0ac3fbc35d9c9f13bbea9691827ec1d3a2468d1c398d2b77a1e7; manifest sha256 b2beab3e0ff85f8a7a79af40399b7c9b0cedc0c1d88607c11508d75d854ed1bc after same-release manifest-generation repair"
acled-europe-central-asia-aggregated-weekly-admin1,ACLED Europe and Central Asia Weekly Admin 1 Aggregated Events,400-events-observations,430-alerts-notices,active,,,,,private,SkyTruth,manual,gs://skytruth-shared-datasets-1/400-events-observations/430-alerts-notices/acled-europe-central-asia-aggregated-weekly-admin1/latest/acled-europe-central-asia-aggregated-weekly-admin1.fgb,fgb,fgb;pmtiles,README.md;runs/YYYY-MM-DD.json,generated_sequence_content_hash,true,false,false,ACLED aggregated data for Europe and Central Asia,ACLED Terms and Conditions; private internal shared-datasets use confirmed by SkyTruth authorization on 2026-05-08,"ACLED (Armed Conflict Location & Event Data), aggregated data for Europe and Central Asia, accessed 2026-05-08, up to week of 2026-04-25, https://acleddata.com/aggregated/aggregated-data-europe-and-central-asia.","Manual private snapshot from ACLED weekly aggregated Europe and Central Asia XLSX export; release 2026-04-25; 120245 point features. The 2026-06-05 same-release metadata-contract repair reused the current release FGB as the authoritative source, added composite source-field feature_id values, geometry_hash values, properties_hash values, canonical metadata/schema/manifest artifacts, and metadata-lookup PMTiles with only feature_id properties. No localized metadata sidecars are generated for this private repair. FGB sha256 80066b83b6ab6ee0d9ea05a7884d519fbbb27c6f41a9cf7c28ec3fd1995a9958; PMTiles sha256 82cd7df1a1100174f932c8bf5005847b20db90c4dc4c9589732f2cfa1aaf5933; metadata sidecar sha256 a6cf8e90dbcce1f4159202d504572bdfc413e76aa57b7b672f67648298b703f2; schema sha256 0f50fd76bc26ed6bfe846b4e94239f0a4c82cfcdca98909c8f4fcb8d54b802d2; manifest sha256 0b3e1dea8d13b0685630fa7dd0228705bf03f554365acf90bcfe71afff322581. PMTiles maxzoom 12 with all-point retention verified at zoom 0."
acled-middle-east-aggregated-weekly-admin1,ACLED Middle East Weekly Admin 1 Aggregated Events,400-events-observations,430-alerts-notices,active,,,,,private,SkyTruth,manual,gs://skytruth-shared-datasets-1/400-events-observations/430-alerts-notices/acled-middle-east-aggregated-weekly-admin1/latest/acled-middle-east-aggregated-weekly-admin1.fgb,fgb,fgb;pmtiles,README.md,,true,false,false,ACLED aggregated data for Middle East,ACLED Terms and Conditions; private internal shared-datasets use confirmed by SkyTruth authorization on 2026-05-08,"ACLED (Armed Conflict Location & Event Data), aggregated data for Middle East, accessed 2026-05-12, up to week of 2026-05-02, https://acleddata.com/aggregated/aggregated-data-middle-east.",Manual private snapshot from ACLED weekly aggregated Middle East XLSX export; release 2026-05-02; 147190 point features; fgb sha256 b26a3d53c1d0dbe4f3f16715002b7b3751bafc4321c7b435170e581c96ebac79; pmtiles sha256 ab55ed31434042157036006e9524d30327f100e226361d654d0bc23a8f131464; PMTiles maxzoom 12 with all-point retention verified at zoom 0; future rebuilds must use the repo-standard GeoJSONSeq to Tippecanoe MBTiles to PMTiles conversion path.
ucdp-ged-events,UCDP Georeferenced Event Dataset Global 26.1,400-events-observations,440-field-observations,active,,,,,public,SkyTruth,annual,gs://skytruth-shared-datasets-1/400-events-observations/440-field-observations/ucdp-ged-events/latest/ucdp-ged-events.fgb,fgb,fgb;pmtiles,README.md;runs/YYYY-MM-DD.json,source_field:id,true,false,false,UCDP Georeferenced Event Dataset Global version 26.1,Creative Commons Attribution 4.0 International (CC BY 4.0); cite relevant UCDP publications,"Davies, Shawn; Pettersson, Therese; Oberg, Magnus. Organized violence 1989-2025, and violent political protests. Journal of Peace Research, 2026. https://doi.org/10.1093/jopres/xjag046; Sundberg, Ralph and Erik Melander. 2013. Introducing the UCDP Georeferenced Event Dataset. Journal of Peace Research 50(4): 523-532; Hogbladh, Stina. 2026. UCDP GED Codebook version 26.1. Department of Peace and Conflict Research, Uppsala University.","Manual first upload prepared from the UCDP GED Global 26.1 CSV archive extracted on 2026-03-30. The source CSV contains WKT point geometry, so the canonical shared-datasets artifact is FlatGeobuf plus PMTiles, not the source CSV. Release-oriented metadata artifacts include source-field feature_id values copied from UCDP id, geometry_hash values, properties_hash values, a metadata sidecar, release schema, and release manifest. PMTiles are lightweight metadata-lookup tiles with feature_id only. No localized metadata sidecars are generated for the initial upload. FGB sha256 afe0803a89d745ec64632c4f1434b0dc45ba255a0f0db213ca643d2df21546e1; PMTiles sha256 caea440c95eb8217ed00101ff72c03ff47616c22eb09460c6d8ed5e0ebd5e926; metadata sidecar sha256 b7cfb7b39ccfcd5cad0121ca06bd1a1294d1b71954f984eaa3e98918c4130414; schema sha256 1ec32c53deb6e1b20a62db1111a1c9605d6ed8f08827aebd42062e5e5927c2ad. PMTiles maxzoom 12 with all-point retention verified at zoom 0."
global-coral-reefs,Global Distribution of Coral Reefs,500-conservation-ecosystems,530-habitat-condition,active,,,,,public,SkyTruth,manual,gs://skytruth-shared-datasets-1/500-conservation-ecosystems/530-habitat-condition/global-coral-reefs/latest/global-coral-reefs.fgb,fgb,fgb;pmtiles,README.md;runs/YYYY-MM-DD.json;latest/global-coral-reefs.metadata.ndjson.gz;latest/global-coral-reefs.schema.json;latest/global-coral-reefs.manifest.json,generated_sequence_content_hash,true,false,false,"UNEP-WCMC, WorldFish Centre, WRI, and TNC Global Distribution of Coral Reefs v4.1","Creative Commons Attribution-ShareAlike 4.0 International (CC-BY-SA); preserve attribution, license notice, and ShareAlike requirements. The local ZIP also includes a legacy UNEP-WCMC General Data License file, but the current UNEP-WCMC GIS Portal item is public and lists CC-BY-SA 4.0 in licenseInfo and ISO metadata.","UNEP-WCMC, WorldFish Centre, WRI, TNC (2021). Global distribution of coral reefs, compiled from multiple sources including the Millennium Coral Reef Mapping Project. Version 4.1, updated by UNEP-WCMC. Includes contributions from IMaRS-USF and IRD (2005), IMaRS-USF (2005) and Spalding et al. (2001). Cambridge (UK): UN Environment Programme World Conservation Monitoring Centre. Data DOI: https://doi.org/10.34892/t2wk-5t34.","Converted local polygon and point shapefiles to FGB plus PMTiles with both layers; release 2026-04-29; polygon fgb sha256 387d9999983a2cf9916ce3d7d496c45319ed8196eccfe9b3d2e8622b82756869; point fgb sha256 a81fcf8264e397fe08cd2655ad580cf36da6fea6010e830b97947fb091bb8ccf; pmtiles sha256 2e33c2bbbf0942d0b692e663815177c47f87a008a5206451e0e293f8af82b7b6; metadata-contract release 2026-06-05 changes the active canonical contract from polygon-only to a mixed polygon+point FGB containing 17,504 polygon features and 925 point features. The release adds generated feature_id values, geometry_hash values, properties_hash values, geometry_role, canonical metadata/schema/manifest artifacts, and metadata-lookup PMTiles with only feature_id. No localized metadata sidecar is generated for this release. fgb sha256 843a00eb56572d2b6b42ef21a67fe01899b212348c236fda14537f460d895c63; point fgb sha256 c9c0e12cad445c29e08de4767866332bee09898600736e668aabf682649976c3; pmtiles sha256 def9354c709e14aaae1085f178bba37f753817d43926d1f12d557ddb717b8674, corrected 2026-06-06 with Tippecanoe drop-rate 1 after verifying all 925 point features decode at zoom 0; metadata sha256 479f8defa534da8016e665f488293c5fd9628c148c1f634e501583e165f74f36; schema sha256 0c59dffa6d785fc3f7b6b1fd6a875b5712e135bf134b470e87f51e857e717547; corrective 2026-06-06 release uses generated decimal sequence feature_id values 1 through 18429 while preserving geometry_hash and properties_hash values. Corrective release artifact hashes before promotion finalization are fgb 474498fdc17bc83afe3c70dfb2475dacec32747f29e6139741b4c3d838e0d713; point fgb cfdff78a343cd9cb177ecfac8f1a265850408360b1750fac6cb92137b28e4c2d; pmtiles c6078a4bbb23bdd25ac2bb8283b7a5b1d383f36d4060cf3a54fcf1ffacdc6936; metadata 8d90c2f7d4de274d2f24f2e99ec1f4fa8db66edfdb321e3f9e948c289c4332dc; schema 319351fb6b07f5d74b886b097ed74252dd03e0635ef217062840bb0155454331. Finalized manifest checksum is recorded in the release run record after promotion. The 2026-06-10 release-feature-model v2 revision rebuilds the published artifacts from the 2026-06-06 prod FGB so the live contract matches this doc. The v1 ext_id and combined feature_hash columns are dropped, feature_id holds generated decimal sequence values 1 through 18429 assigned from the (geometry_hash, properties_hash) content key (0 content-key collisions across all 18,429 features), and split geometry_hash/properties_hash columns plus schema_version 2 metadata/schema/manifest artifacts are published with Firestore serving marked inactive. PMTiles remain feature_id-only metadata-lookup tiles at maxzoom 12 with all 925 point features retained (Tippecanoe drop-rate 1). 2026-06-10 artifact sha256 before promotion finalization are fgb 795c44841c53c0b05dbb7a6193a2898a883fbd441d138fc72c11e115da9fc50c; point fgb ce764cfe652179321174f155878376a8c89d6a15deb048734b021075718dce76; pmtiles 60111af2b44765bbdf26c39672f8c47888e2314de2bee97b49701d684a31d877; metadata eecf0c8a086d3ff1885e80e1e3160416676b6e26bcf929379adcc05f530b8adf; schema 6a2f120e70d0d150cfed21272079899e42aef04e9aabd6cad88e3403e1a52380. Prior releases 2026-04-29, 2026-05-04, 2026-06-05, and 2026-06-06 remain unchanged and readable. On 2026-06-11, the asset access tier was updated from private to public after verifying the current UNEP-WCMC GIS Portal item has access public and CC-BY-SA 4.0 licenseInfo with ISO metadata date 2026-03-23."
iucn-mammal-ranges,IUCN Red List Mammal Range Maps,500-conservation-ecosystems,530-habitat-condition,active,,,,,private,SkyTruth,manual,gs://skytruth-shared-datasets-1/500-conservation-ecosystems/530-habitat-condition/iucn-mammal-ranges/latest/iucn-mammal-ranges.fgb,fgb,fgb;pmtiles,README.md,,true,false,false,"IUCN Red List of Threatened Species spatial data, mammals group, Red List version 2025-2 / metadata v6.3","IUCN Red List Terms and Conditions of Use v3.1; non-commercial conservation, education, scientific analysis, and research use only; no reposting or redistribution without prior written permission from IUCN","IUCN (2025). The IUCN Red List of Threatened Species. Version 2025-2. https://www.iucnredlist.org. Accessed 2026-05-02. For species-level map use, cite the source feature-level citation values.",Initial private upload from local MAMMALS.zip; release 2026-05-02; source zip sha256 4f58134883e2cbb2d242170438eb3a2158a53e95782d25881212b87c1d9daaa2; source shapefile parts MAMMALS_PART1 and MAMMALS_PART2 each contained 6619 features; combined output rows 13238; fgb sha256 f8330ab5daf019a5862dee65af4c43827a9832ef0f17c01afc8928eb8027f20b; pmtiles sha256 c159527b50d5205612663ce48922617abbd2a1ffb3dd87e2bed6358ac3be2c52; PMTiles display artifact uses maxzoom 6 and tile-simplify 0.01; future rebuilds must use the repo-standard GeoJSONSeq to Tippecanoe MBTiles to PMTiles conversion path; canonical FGB preserves source fields and adds source_part; raw zip not uploaded because zip is not an approved source/archive format and IUCN terms restrict reposting/redistribution
iucn-reptile-ranges,IUCN Red List Reptile Range Maps,500-conservation-ecosystems,530-habitat-condition,active,,,,,private,SkyTruth,manual,gs://skytruth-shared-datasets-1/500-conservation-ecosystems/530-habitat-condition/iucn-reptile-ranges/latest/iucn-reptile-ranges.fgb,fgb,fgb;pmtiles,README.md,,true,false,false,"IUCN Red List of Threatened Species spatial data, reptiles group, Red List version 2025-2 / metadata v6.3","IUCN Red List Terms and Conditions of Use v3.1; non-commercial conservation, education, scientific analysis, and research use only; no reposting or redistribution without prior written permission from IUCN","IUCN (2025). The IUCN Red List of Threatened Species. Version 2025-2. https://www.iucnredlist.org. Accessed 2026-05-03. For species-level map use, cite the source feature-level citation values.",Initial private upload from local REPTILES.zip; release 2026-05-03; source zip sha256 68bf0ca138044a91dcfa301eda1ed9eb9c2b19f5b668c8e7ed1f281877ba4bbd; source shapefile parts REPTILES_PART1 and REPTILES_PART2 each contained 7026 features; combined output rows 14052; fgb sha256 4c9020a8b138cdc5247c67ed71b29ef478df2c274aa6f05c1d76d1f49ce66bc2; pmtiles sha256 aabaf0360d767b892c020ccac85eb9ba0df1998280f9b2c40066e28b535db7eb; PMTiles display artifact uses maxzoom 6 and tile-simplify 0.01; future rebuilds must use the repo-standard GeoJSONSeq to Tippecanoe MBTiles to PMTiles conversion path; canonical FGB preserves source fields and adds source_part; raw zip not uploaded because zip is not an approved source/archive format and IUCN terms restrict reposting/redistribution
gfw-anchorages,Global Fishing Watch Anchorages,600-maritime-ocean,640-ocean-activity,active,,,,,public,SkyTruth,manual,gs://skytruth-shared-datasets-1/600-maritime-ocean/640-ocean-activity/gfw-anchorages/latest/gfw-anchorages.fgb,fgb,fgb;pmtiles,README.md;runs/YYYY-MM-DD.json,source_field:s2id,true,false,false,Global Fishing Watch Anchorages Version 2,Copyright Global Fishing Watch; non-commercial use only under CC BY-NC 4.0 and subject to Global Fishing Watch Terms of Use,"Global Fishing Watch (2026). Global Anchorages dataset, Version 2. https://globalfishingwatch.org/datasets-and-code-anchorages/.","Initial upload from named_anchorages_v2_pipe_v3_202601.csv; release 2026-02-02; source rows 166497; published rows 166496; omitted invalid lon row s2id 8efe7543. The 2026-06-10 release migrates the asset to the release feature identity v2 contract with no upstream data change; feature_id is copied from the unique URL-safe s2id source field, geometry_hash and properties_hash columns are added, and canonical metadata sidecar, schema, and manifest artifacts are published. PMTiles are lightweight metadata-lookup tiles with feature_id only, built at maxzoom 12 with all-point retention verified at zoom 0 for all 166496 points; full attributes are served from the FGB and metadata sidecar. Releases dated before 2026-06-10 contain only FGB and full-property PMTiles. Rebuilds must use the repo-standard GeoJSONSeq to Tippecanoe MBTiles to PMTiles conversion path."
